{
	"lateral": {
		"vx": [
			[2],
			[3],
			[4],
			[5],
			[6],
			[7],
			[8],
			[9],
			[10],
			[11],
			[12],
			[13],
			[14],
			[15],
			[16],
			[17],
			[18],
			[19],
			[20],
			[21],
			[22],
			[23],
			[24],
			[25],
			[26],
			[27],
			[28],
			[29],
			[30],
			[31],
			[32],
			[33],
			[34],
			[35],
			[36],
			[37],
			[38],
			[39],
			[40]
		],
		"vx_min": 2,
		"vx_max": 40,
		"K": {
			"_ArrayType_": "double",
			"_ArraySize_": [39,1,5],
			"_ArrayData_": [0.1499151487,0.1564867743,0.1691459399,0.1796746942,0.1580638864,0.141601725,0.1285672172,0.1179390418,0.1091078725,0.1016482466,0.09525898482,0.08972618588,0.0848872966,0.08061714612,0.07681927888,0.07341633391,0.07034604297,0.06755717007,0.06500788443,0.06266198869,0.06048793804,0.05845667158,0.05654013574,0.05470823486,0.05292665975,0.05115002878,0.04932906631,0.04741361107,0.04538244463,0.04326192422,0.04111175214,0.0389922444,0.03694641651,0.03499775681,0.03315679241,0.03142596416,0.02980303189,0.02828336535,0.0268612315,0.7615937845,0.8953285799,1.101357546,1.32961654,1.376878754,1.422274094,1.465745556,1.507306712,1.547495446,1.586606793,1.624849362,1.662462076,1.699590996,1.736316347,1.772712347,1.808793906,1.844544691,1.879907407,1.914811135,1.949120821,1.982641909,2.01507382,2.045968544,2.074604058,2.09985577,2.119810233,2.132002597,2.133494358,2.122500555,2.099770704,2.068249096,2.031390356,1.992003582,1.951942691,1.912355956,1.873905316,1.836945667,1.801647751,1.768070712,-0.2653487687,-0.1611643089,-0.1024943231,-0.06552366531,-0.04376277827,-0.02853139166,-0.0173163331,-0.008739261182,-0.001976158068,0.003489803725,0.008003584115,0.01179834988,0.01504014972,0.0178480548,0.02031164431,0.02249828339,0.0244591017,0.02623323305,0.02785209794,0.02933908865,0.03071192602,0.03198224768,0.03315522517,0.03422575818,0.03517415462,0.03595013735,0.03647657045,0.03664448544,0.03636894298,0.0356513067,0.03458431891,0.03329473573,0.03189366615,0.03045856284,0.0290391241,0.02766469526,0.02635161071,0.02510806805,0.02393704368,-0.279339459,-0.1655847868,-0.09849944505,-0.05283528181,-0.02412023,-0.002248382258,0.01539945194,0.03024750089,0.04317510393,0.05473329226,0.0652913028,0.07511554394,0.08439920098,0.09328753251,0.1018963641,0.1103193755,0.1186353788,0.1269127646,0.1352177292,0.1436115525,0.1521557837,0.1609102546,0.1699314049,0.1792564682,0.1888785158,0.1986567136,0.2082877006,0.2171915363,0.2247093021,0.2304626069,0.234553113,0.2373923872,0.239447958,0.2410933815,0.2425988887,0.244142535,0.2458384331,0.247756888,0.2499360657,-1.263106662,-1.446203356,-1.736736523,-2.098018706,-2.431317657,-2.790159425,-3.175229984,-3.586622822,-4.0247419,-4.489733729,-4.981721334,-5.500894523,-6.047413704,-6.621381892,-7.222967657,-7.852299302,-8.509488351,-9.194610747,-9.90783865,-10.6492697,-11.41899014,-12.21691412,-13.04261842,-13.89467919,-14.76971185,-15.65928006,-16.54937894,-17.41757623,-18.24123273,-19.00992111,-19.73059945,-20.4202641,-21.0970111,-21.77513698,-22.46514677,-23.17426433,-23.90738913,-24.6678124,-25.45763645]
		},
		"P": {
			"_ArrayType_": "double",
			"_ArraySize_": [39,4,4],
			"_ArrayData_": [6.123950965,3.664020162,2.610896047,2.080980047,1.348897955,0.9453699988,0.7008076725,0.5417792402,0.4326369095,0.3544644442,0.2965083171,0.2523052819,0.2177836735,0.190277042,0.1679810928,0.1496389801,0.1343536031,0.1214705616,0.1105035625,0.1010848159,0.09293212557,0.08582602542,0.0795939146,0.07409856867,0.06923012509,0.06489958403,0.06103540089,0.05757964897,0.05448630319,0.05171837917,0.04924404746,0.04703359099,0.04505855806,0.04329221586,0.04171009731,0.04029021254,0.03901306164,0.03786146187,0.03682030755,21.1728903,15.59339197,13.36468993,12.55067943,9.636392259,7.813443595,6.583574563,5.705845935,5.051779602,4.547437139,4.147672646,3.823563369,3.555812097,3.331103106,3.139982572,2.975568504,2.832744516,2.707636354,2.597264795,2.499308018,2.411938737,2.333709577,2.263473965,2.200330787,2.143591282,2.09275436,2.047491874,2.00761471,1.973011076,1.943570959,1.9191381,1.899503115,1.884416179,1.873607256,1.866800188,1.863721258,1.86410662,1.86770486,1.874278557,0.5844588385,0.510847485,0.4718088597,0.4594244179,0.349679994,0.2791558705,0.230495849,0.1951473811,0.1684296594,0.1476061437,0.1309744682,0.1174205612,0.1061893669,0.09675154333,0.0887247429,0.08182688095,0.07584516026,0.07061622155,0.0660122871,0.06193240873,0.05829560375,0.05503630505,0.05210092183,0.04944568111,0.04703499788,0.04484170122,0.04284586522,0.04103625327,0.03940682393,0.03795094144,0.03665702361,0.03550941255,0.03449146245,0.03358768878,0.03278438212,0.03206969968,0.0314333019,0.03086616411,0.03036046815,0.4357203459,0.3430491495,0.2765616944,0.2316683089,0.1907988283,0.1634805212,0.143968627,0.1293587804,0.1180052683,0.1089325152,0.1015215168,0.09535844433,0.09015829737,0.08571755832,0.08188651657,0.07855256383,0.0756290569,0.07304801709,0.07075538876,0.068707282,0.06686746795,0.06520509217,0.06369280062,0.0623038991,0.06100959748,0.0597717036,0.05854300833,0.05726662377,0.05589974737,0.0544402049,0.05292648828,0.05141097027,0.04993721409,0.04853349856,0.04721515752,0.04598841248,0.04485412441,0.04380990799,0.04285148254,21.1728903,15.59339197,13.36468993,12.55067943,9.636392259,7.813443595,6.583574563,5.705845935,5.051779602,4.547437139,4.147672646,3.823563369,3.555812097,3.331103106,3.139982572,2.975568504,2.832744516,2.707636354,2.597264795,2.499308018,2.411938737,2.333709577,2.263473965,2.200330787,2.143591282,2.09275436,2.047491874,2.00761471,1.973011076,1.943570959,1.9191381,1.899503115,1.884416179,1.873607256,1.866800188,1.863721258,1.86410662,1.86770486,1.874278557,103.6518594,84.11746538,80.6723844,85.01305446,76.25824369,70.84407864,67.38515887,65.15757609,63.75007848,62.91356095,62.4896147,62.37344484,62.49350903,62.79970831,63.25621432,63.83702137,64.52304775,65.30024154,66.15828382,67.08978092,68.08971048,69.15514228,70.28519407,71.4812484,72.74755882,74.09229331,75.52883102,77.07710124,78.76271381,80.61322528,82.65348901,84.90347212,87.37860892,90.09124871,93.05173889,96.26913169,99.7516585,103.5069713,107.5423647,2.608745007,2.570318809,2.708877152,3.012496727,2.71007265,2.501845238,2.349525092,2.233204461,2.141214326,2.066574472,2.004830629,1.952955798,1.90886929,1.871087431,1.838505165,1.810293205,1.78580667,1.764534284,1.746052312,1.730012383,1.716115699,1.704103151,1.693744385,1.684837998,1.677211739,1.670761233,1.665471988,1.661544902,1.659440069,1.659785253,1.663145361,1.669871457,1.680106503,1.693861946,1.71107727,1.731661896,1.755508683,1.78250546,1.812545797,2.746178077,2.474576378,2.320944442,2.26210779,2.131877041,2.060174311,2.022949573,2.007803881,2.007456308,2.017641139,2.035677206,2.059783198,2.088766356,2.121792716,2.158260433,2.197720669,2.239825622,2.284292219,2.330892957,2.379422128,2.429686947,2.481475096,2.534520501,2.588398074,2.642399788,2.695130002,2.744479391,2.787505948,2.821741493,2.846854161,2.864933417,2.879117687,2.892262903,2.906469973,2.923140266,2.943144237,2.967019826,2.995081901,3.027493049,0.5844588385,0.510847485,0.4718088597,0.4594244179,0.349679994,0.2791558705,0.230495849,0.1951473811,0.1684296594,0.1476061437,0.1309744682,0.1174205612,0.1061893669,0.09675154333,0.0887247429,0.08182688095,0.07584516026,0.07061622155,0.0660122871,0.06193240873,0.05829560375,0.05503630505,0.05210092183,0.04944568111,0.04703499788,0.04484170122,0.04284586522,0.04103625327,0.03940682393,0.03795094144,0.03665702361,0.03550941255,0.03449146245,0.03358768878,0.03278438212,0.03206969968,0.0314333019,0.03086616411,0.03036046815,2.608745007,2.570318809,2.708877152,3.012496727,2.71007265,2.501845238,2.349525092,2.233204461,2.141214326,2.066574472,2.004830629,1.952955798,1.90886929,1.871087431,1.838505165,1.810293205,1.78580667,1.764534284,1.746052312,1.730012383,1.716115699,1.704103151,1.693744385,1.684837998,1.677211739,1.670761233,1.665471988,1.661544902,1.659440069,1.659785253,1.663145361,1.669871457,1.680106503,1.693861946,1.71107727,1.731661896,